iter	Logloss
0	0.6441203518
1	0.648058640422	0.637004715233	0.640021617244	0.5840574994
