iter	AUC	Logloss	AUC	Logloss
0	0.6392946556	0.5470507332	0.64504597	0.5465784338
1	0.6357341533	0.5490047537	0.6430059977	0.548310967
2	0.6400680994	0.5466757205	0.6462391574	0.5461757231
