iter	AUC	Logloss	AUC	Logloss	AUC	Logloss
0	0.6349932221	0.6647175445	0.630243087	0.666200272	0.6228351825	0.6685263765
1	0.6354458902	0.6640363524	0.6292046696	0.6667000518	0.6224957941	0.6684934304
2	0.6322230092	0.6657431302	0.6276281095	0.6687792477	0.6193179477	0.670248925
3	0.634886997	0.6643654901	0.6285112196	0.6670852456	0.6223955315	0.6692307508
4	0.6266120861	0.669206959	0.6211994634	0.6711092393	0.6121686356	0.6755846597
