iter	Logloss
0	0.494773989711	0.477231362
2	0.5006178411
